t_s,sat_id,residual_m,spoof_active
0,G01,1.5258529646738732,0
0,G02,0.8961987278724072,0
0,G03,-3.3711946347696164,0
0,G04,1.0760688798565021,0
0,G05,-2.068616103348798,0
0,G06,0.470552223176527,0
1,G01,-2.8474688707981204,0
1,G02,0.8926442950861273,0
1,G03,-1.6131978086147452,0
1,G04,-2.5652693005210434,0
1,G05,1.427640272964799,0
1,G06,0.4832890433535026,0
2,G01,-1.2279536027857942,0
2,G02,2.9023576980421284,0
2,G03,-0.8813048431394849,0
2,G04,0.06421534794186932,0
2,G05,0.5378268953572019,0
2,G06,-1.2393318682572272,0
3,G01,0.9422725867998587,0
3,G02,-1.066904694329449,0
3,G03,-0.8232766444324184,0
3,G04,2.725285279606682,0
3,G05,-2.081172105024866,0
3,G06,-4.82556066185898,0
4,G01,3.2218739900237887,0
4,G02,5.098655905214006,0
4,G03,-0.8105385308986637,0
4,G04,-3.8736760812403706,0
4,G05,-0.6209679523918875,0
4,G06,-0.5724458996813384,0
5,G01,-0.3798476820445141,0
5,G02,-2.2267760838436965,0
5,G03,1.1591222849529548,0
5,G04,1.0490147505721723,0
5,G05,-2.988811239638613,0
5,G06,1.3983934633897757,0
6,G01,4.105369963891782,0
6,G02,0.3439206648741197,0
6,G03,-0.6746503241370121,0
6,G04,-0.2840064288150426,0
6,G05,1.2305135339371225,0
6,G06,-3.4613432110144364,0
7,G01,0.3287814059546045,0
7,G02,-0.7809278989256202,0
7,G03,3.695650025912091,0
7,G04,-0.34834546760991575,0
7,G05,3.3357752222390396,0
7,G06,-2.2074813955640145,0
8,G01,1.1745183336055844,0
8,G02,0.6388005275824576,0
8,G03,-1.7380944957295648,0
8,G04,0.3547922292738809,0
8,G05,2.425037673663201,0
8,G06,-0.6475834085732014,0
9,G01,-3.3839252983395265,0
9,G02,-0.03512565295489182,0
9,G03,-1.8048461895850252,0
9,G04,-0.6846818773277648,0
9,G05,-0.16317553937024196,0
9,G06,-3.4113044320310344,0
10,G01,-3.231316678641356,0
10,G02,0.9641336710510505,0
10,G03,-1.0454373923393607,0
10,G04,-5.129488683641134,0
10,G05,1.5696880732162701,0
10,G06,0.5447395105484797,0
11,G01,-1.427749648072968,0
11,G02,-2.633660422116483,0
11,G03,1.6716157926286743,0
11,G04,0.6987012451208592,0
11,G05,4.765204565368147,0
11,G06,0.8403771974498747,0
12,G01,0.7754062825240297,0
12,G02,-0.33385586021713026,0
12,G03,1.633551734401582,0
12,G04,1.2501704024963074,0
12,G05,2.50345001713039,0
12,G06,-1.0426458372745695,0
13,G01,-0.8708149458879246,0
13,G02,-0.9582063418239603,0
13,G03,1.5816034423579783,0
13,G04,2.996748880593464,0
13,G05,-0.9176809862986013,0
13,G06,-0.8495474555861825,0
14,G01,0.6281544477395984,0
14,G02,-0.49152300002580285,0
14,G03,1.90410730627978,0
14,G04,-4.5035545812380935,0
14,G05,-1.6534100938337892,0
14,G06,-1.5648326679228917,0
15,G01,-4.64071202477229,0
15,G02,-1.9272768887376082,0
15,G03,-1.8303122316918523,0
15,G04,-0.40220930903766067,0
15,G05,2.225931783320527,0
15,G06,-0.4901213023814047,0
16,G01,-2.0616274405423076,0
16,G02,-0.11390908242705797,0
16,G03,2.098347242882699,0
16,G04,-1.9519176322298097,0
16,G05,-1.8211497678428972,0
16,G06,1.1170979185484469,0
17,G01,-0.4430722314616011,0
17,G02,1.2949693814189487,0
17,G03,-0.027293583590593522,0
17,G04,1.403327296179134,0
17,G05,-2.0701562280812817,0
17,G06,-0.02416930157653488,0
18,G01,-0.42138002872631364,0
18,G02,-2.4317818482082614,0
18,G03,-3.126955895737377,0
18,G04,1.3714980705493236,0
18,G05,-0.7019047644359562,0
18,G06,-2.044560563294659,0
19,G01,-0.1923578738466645,0
19,G02,2.2560377146986053,0
19,G03,-4.561475690743846,0
19,G04,-2.9932773798066528,0
19,G05,-1.8457728837905352,0
19,G06,2.922357733440658,0
20,G01,0.565173965838593,0
20,G02,1.5346344809224537,0
20,G03,-2.280321838252461,0
20,G04,-2.2390717505410525,0
20,G05,0.8956274334454208,0
20,G06,0.1165486618708931,0
21,G01,1.0974776377282531,0
21,G02,-0.37534198185690426,0
21,G03,0.556287452909254,0
21,G04,0.31623816981021835,0
21,G05,1.5555347781698508,0
21,G06,1.6140165638889412,0
22,G01,-3.2397439887835398,0
22,G02,-4.494537110681711,0
22,G03,2.0034907953030143,0
22,G04,2.375450186523873,0
22,G05,-2.041246039026675,0
22,G06,-3.7196708130912572,0
23,G01,0.19806964201440183,0
23,G02,1.8616764527010587,0
23,G03,3.5951890448686292,0
23,G04,1.032595144202902,0
23,G05,-0.7434333931713899,0
23,G06,-1.7862612431697253,0
24,G01,0.022902583341308833,0
24,G02,-0.5985294077705128,0
24,G03,-2.0301358114576322,0
24,G04,4.097511301726573,0
24,G05,3.570336804144262,0
24,G06,2.272097367110857,0
25,G01,-1.8417007956182552,0
25,G02,1.7100386485945576,0
25,G03,1.2792528189958037,0
25,G04,0.8850912484081059,0
25,G05,2.4993305340875542,0
25,G06,1.2707422857225548,0
26,G01,1.480028472608671,0
26,G02,1.2738125667444202,0
26,G03,0.6815828160042118,0
26,G04,-3.567222259428367,0
26,G05,0.16724215482111446,0
26,G06,-1.1123839176982504,0
27,G01,-2.559681915280041,0
27,G02,3.363633238601648,0
27,G03,3.457990681771407,0
27,G04,2.718441200591224,0
27,G05,0.5104268337117492,0
27,G06,2.7012502419053135,0
28,G01,0.024106361203651085,0
28,G02,0.40559455379555875,0
28,G03,-2.186942740923966,0
28,G04,0.79398260899768,0
28,G05,0.1207718568488342,0
28,G06,-2.605304233668929,0
29,G01,-0.10239422363319381,0
29,G02,-0.15945912771361695,0
29,G03,3.59512233328928,0
29,G04,1.788426657026819,0
29,G05,0.02289087818293203,0
29,G06,0.497574619602166,0
30,G01,0.08842475620839611,0
30,G02,-0.40582796959109546,0
30,G03,-2.1648543947765737,0
30,G04,-0.3021037552138585,0
30,G05,-1.4921965133050268,0
30,G06,-2.500631077846293,0
31,G01,1.0224436290950694,0
31,G02,0.7825293198664699,0
31,G03,-3.573415022736156,0
31,G04,-0.24536927499025443,0
31,G05,1.991402771799847,0
31,G06,2.1184474777926416,0
32,G01,2.0516736857704774,0
32,G02,0.0778264138029196,0
32,G03,-1.6900906559383022,0
32,G04,-2.167397654716121,0
32,G05,0.689209809500715,0
32,G06,0.758560068730326,0
33,G01,2.574662223210131,0
33,G02,2.199959300684167,0
33,G03,-0.2644573130623442,0
33,G04,-2.488411757721739,0
33,G05,-0.6382131940217957,0
33,G06,0.4344623896210493,0
34,G01,-0.4041664907788082,0
34,G02,-1.1557882161553117,0
34,G03,0.5057696299397978,0
34,G04,-1.007915482821221,0
34,G05,-1.256132167450748,0
34,G06,0.6229056686068791,0
35,G01,-0.8039851602584096,0
35,G02,0.48820877795670425,0
35,G03,0.5464080457042454,0
35,G04,-2.2788580021831493,0
35,G05,-0.9624822477308244,0
35,G06,2.8755538798329248,0
36,G01,-2.3241590254685742,0
36,G02,-4.233308897941062,0
36,G03,-3.723690306485023,0
36,G04,0.058219893153338406,0
36,G05,0.06183455606539782,0
36,G06,-0.23522171085024188,0
37,G01,2.428379657857003,0
37,G02,-5.345668866205876,0
37,G03,0.7918677488616472,0
37,G04,3.1228764036071466,0
37,G05,-2.255561529783428,0
37,G06,-0.7596130235797902,0
38,G01,-1.5057838344572418,0
38,G02,-1.7886920921550575,0
38,G03,-0.65252401004608,0
38,G04,2.8549705673690093,0
38,G05,3.6747733509750407,0
38,G06,-0.6718784500802955,0
39,G01,3.8101204281289403,0
39,G02,0.07115295396924973,0
39,G03,3.507382053402162,0
39,G04,-0.18659729930698354,0
39,G05,0.2621156520922886,0
39,G06,0.7309489452856691,0
40,G01,6.3577073587350705,0
40,G02,1.7025711496895781,0
40,G03,-1.4145290599029272,0
40,G04,1.9379957405517159,0
40,G05,-0.723665074168683,0
40,G06,-0.9795003658024183,0
41,G01,1.8172027197842224,0
41,G02,0.06217117554230557,0
41,G03,0.5571518290236122,0
41,G04,0.027970443730584924,0
41,G05,0.6731662532108694,0
41,G06,0.8499317948722984,0
42,G01,-3.8739338654108306,0
42,G02,1.3331453372190671,0
42,G03,-1.9640388396606012,0
42,G04,-2.8845982711188225,0
42,G05,-0.11682248771736488,0
42,G06,0.16796200662890853,0
43,G01,-1.3870123291445615,0
43,G02,1.6620637153359488,0
43,G03,-2.684350332741814,0
43,G04,-0.8138874975451179,0
43,G05,-1.1697482698660013,0
43,G06,-0.09317454067867874,0
44,G01,0.5577285692944776,0
44,G02,-2.0157858992470894,0
44,G03,1.4485653549124564,0
44,G04,0.12600473666939946,0
44,G05,-3.783892506623821,0
44,G06,-3.917182880794062,0
45,G01,-0.02463858585862247,0
45,G02,-0.4419346355727082,0
45,G03,-0.206840227149267,0
45,G04,-0.05596491306043596,0
45,G05,0.45111967902036143,0
45,G06,1.8952992196965994,0
46,G01,-2.2222098018351164,0
46,G02,-2.3439431858015896,0
46,G03,-2.186647715774765,0
46,G04,0.5778333343374138,0
46,G05,2.489894757292891,0
46,G06,-0.862678876479021,0
47,G01,-5.003399688319309,0
47,G02,-3.407985725220751,0
47,G03,-1.6660734455920232,0
47,G04,-1.1154577749904295,0
47,G05,-0.8167772545094528,0
47,G06,0.07716224596183413,0
48,G01,-0.6234926616448943,0
48,G02,2.0986792210868144,0
48,G03,-1.3520346113627375,0
48,G04,-1.724635918951086,0
48,G05,0.9577510770409232,0
48,G06,-3.0712841398522386,0
49,G01,0.7793834106400044,0
49,G02,0.20510636745253372,0
49,G03,-0.2948849798363348,0
49,G04,3.1765522142985247,0
49,G05,-1.2444148905894359,0
49,G06,4.120596341048157,0
50,G01,-0.4508628984561986,0
50,G02,-2.5540328899404563,0
50,G03,0.1398391619896506,0
50,G04,-2.1524904006375363,0
50,G05,-1.5035116956270005,0
50,G06,0.7940666000309823,0
51,G01,1.1111641773002496,0
51,G02,-1.2443354005085163,0
51,G03,1.9748102900928013,0
51,G04,2.315015516042268,0
51,G05,2.872603513126582,0
51,G06,1.0588268142514443,0
52,G01,2.7268574241713974,0
52,G02,-3.7615968559481154,0
52,G03,-0.6358130972569251,0
52,G04,-1.7340105126468526,0
52,G05,0.23845172225478417,0
52,G06,-1.1428984383934746,0
53,G01,-0.33231568389946475,0
53,G02,3.764349760408099,0
53,G03,-0.3394395928407566,0
53,G04,0.8275846343804278,0
53,G05,-0.4645386598484704,0
53,G06,0.15142657591366734,0
54,G01,0.012033360872142919,0
54,G02,0.896648131946319,0
54,G03,2.330615071094354,0
54,G04,3.2947879952066588,0
54,G05,0.6192401638183337,0
54,G06,1.1790937720712042,0
55,G01,-2.301729018371134,0
55,G02,-0.17575348483124115,0
55,G03,1.880578929767178,0
55,G04,1.7319372768343064,0
55,G05,0.42321946559010043,0
55,G06,1.7727879191359048,0
56,G01,0.9815334179876377,0
56,G02,2.400612516518643,0
56,G03,0.5787183139142222,0
56,G04,-0.7113966311420693,0
56,G05,0.6716825138660473,0
56,G06,-5.861188751705551,0
57,G01,0.7657714727700989,0
57,G02,-7.296825650429567,0
57,G03,-3.446926814810836,0
57,G04,0.9035372018819683,0
57,G05,0.9550586745335905,0
57,G06,-2.324857560279861,0
58,G01,-1.4242040837578775,0
58,G02,2.741081977228264,0
58,G03,-0.9680602631453523,0
58,G04,4.48584062480597,0
58,G05,-0.003839706352692298,0
58,G06,0.8160723537625336,0
59,G01,3.233748796997215,0
59,G02,0.2620542323868391,0
59,G03,-2.0046879613816024,0
59,G04,-0.21945490338858023,0
59,G05,-0.07122147238018187,0
59,G06,-2.729483304403131,0
60,G01,-0.5116641426816467,0
60,G02,-1.4843841879948734,0
60,G03,1.8487155143748681,0
60,G04,0.06922374837051123,0
60,G05,-0.5655914982951401,0
60,G06,-0.21236386124515252,0
61,G01,0.44624403681233227,0
61,G02,1.2336283993795596,0
61,G03,-1.9994244573387627,0
61,G04,-2.0831752652425437,0
61,G05,2.20935843080506,0
61,G06,-0.8246737444094612,0
62,G01,-2.833684185193748,0
62,G02,0.8876254187662093,0
62,G03,0.9267396120653738,0
62,G04,-3.061430514513413,0
62,G05,0.4589634309272126,0
62,G06,1.4711661848567472,0
63,G01,0.7487729034125261,0
63,G02,1.2639629675227906,0
63,G03,-2.808538196181498,0
63,G04,0.6620803099923912,0
63,G05,-0.6052395189408931,0
63,G06,-0.9655803174492896,0
64,G01,1.741111218839453,0
64,G02,2.95854902134846,0
64,G03,3.588740109200718,0
64,G04,2.62961574301181,0
64,G05,-0.21946836326036737,0
64,G06,0.7054403260526861,0
65,G01,1.5336457435684874,0
65,G02,0.24235589859892392,0
65,G03,0.26152837582308874,0
65,G04,1.647506263752364,0
65,G05,-0.11856529205186443,0
65,G06,-1.458573872747323,0
66,G01,-0.828946131671717,0
66,G02,1.2678207554674847,0
66,G03,0.005986582399911464,0
66,G04,0.6804199537366757,0
66,G05,1.3401584844043797,0
66,G06,-0.7496829257952192,0
67,G01,1.5124963272596121,0
67,G02,0.7576852069167889,0
67,G03,-2.4696261738229572,0
67,G04,2.8846095823724887,0
67,G05,-1.0014894875138323,0
67,G06,-3.3101906863703676,0
68,G01,-2.0900874191726047,0
68,G02,-2.042090321356644,0
68,G03,0.10434663731506694,0
68,G04,-0.5477010110924744,0
68,G05,-0.6736639352811857,0
68,G06,1.2394039309649578,0
69,G01,0.6797507223854076,0
69,G02,0.6320957412885725,0
69,G03,0.8196569146573853,0
69,G04,1.2322693360044765,0
69,G05,-4.215906683554886,0
69,G06,-0.7288765045289224,0
70,G01,-4.360420128978948,0
70,G02,0.07211985359559082,0
70,G03,-0.00926594444869064,0
70,G04,2.0910645495793605,0
70,G05,2.3752687854422416,0
70,G06,0.40555009650473467,0
71,G01,-1.0007221547937997,0
71,G02,0.9703222250914757,0
71,G03,-1.055835274648627,0
71,G04,-0.002785302886697798,0
71,G05,1.9722726339215355,0
71,G06,-1.1155426919788471,0
72,G01,1.6113572784850019,0
72,G02,1.3548027373846048,0
72,G03,-1.909583634261643,0
72,G04,1.947788256434802,0
72,G05,1.3971326907430102,0
72,G06,0.20385177474531488,0
73,G01,-1.5246469160553044,0
73,G02,-1.71841203715114,0
73,G03,-1.0753251538060449,0
73,G04,1.08518892658392,0
73,G05,-1.9112503348027958,0
73,G06,0.8750244972397399,0
74,G01,-2.483511057756785,0
74,G02,-0.4081371688776979,0
74,G03,0.21929550914801726,0
74,G04,4.890260290117833,0
74,G05,-2.7546313110407348,0
74,G06,2.944029132980267,0
75,G01,0.2996848279745601,0
75,G02,0.8223438360319263,0
75,G03,0.23669582677640902,0
75,G04,0.889453636390466,0
75,G05,-0.3073702087240355,0
75,G06,2.9081003629149165,0
76,G01,-0.9129422884494448,0
76,G02,2.2644691443584954,0
76,G03,-1.2887342404260458,0
76,G04,-0.1205036928025739,0
76,G05,-2.1439251045804384,0
76,G06,0.9100474406950398,0
77,G01,2.8902519138530676,0
77,G02,-0.15471235964170815,0
77,G03,-0.3937713974078191,0
77,G04,-2.2292339261358536,0
77,G05,-0.4585853071046162,0
77,G06,-3.1855885194430553,0
78,G01,-1.8257559734376545,0
78,G02,0.45357209221827083,0
78,G03,2.6380263954827923,0
78,G04,5.618421722459006,0
78,G05,-1.1731701701418014,0
78,G06,2.87060031329088,0
79,G01,0.4875049608032958,0
79,G02,-0.3024952934927517,0
79,G03,0.8651889034523044,0
79,G04,0.12383296735991836,0
79,G05,0.22079145122443705,0
79,G06,-0.8166663256533384,0
80,G01,-2.7962193195977014,0
80,G02,-3.087250405044163,0
80,G03,1.306489766562454,0
80,G04,-0.5534001801714268,0
80,G05,-1.1921777993123333,0
80,G06,0.017011253446307134,0
81,G01,1.589864505831255,0
81,G02,0.3607278860527964,0
81,G03,-1.3121098732819347,0
81,G04,2.4525859112978994,0
81,G05,3.158371005963264,0
81,G06,0.9891133106457066,0
82,G01,1.9473270226881803,0
82,G02,2.483919993627622,0
82,G03,2.2601986328090273,0
82,G04,1.2281983542252473,0
82,G05,1.1966940941497657,0
82,G06,1.0393211466930052,0
83,G01,-2.194675349094087,0
83,G02,1.4014463137191715,0
83,G03,-2.711627942253108,0
83,G04,-1.5891989102501098,0
83,G05,2.607130135616175,0
83,G06,1.680440325388395,0
84,G01,2.9747965793717253,0
84,G02,-0.5433487673745845,0
84,G03,-2.304497682553535,0
84,G04,-0.48087439414068567,0
84,G05,0.2040625944811484,0
84,G06,0.15797743268001938,0
85,G01,2.2673609575134033,0
85,G02,-0.7225408500068911,0
85,G03,0.7040689436058485,0
85,G04,-1.9772542988692121,0
85,G05,0.900634556087626,0
85,G06,0.00621710037127349,0
86,G01,-1.499626676569035,0
86,G02,-0.4716587243497056,0
86,G03,-0.3683514930304433,0
86,G04,-0.5403102586741924,0
86,G05,3.542682484535367,0
86,G06,-0.19689200461575926,0
87,G01,-0.48779222035467545,0
87,G02,-4.194901915220283,0
87,G03,-1.7884147039589546,0
87,G04,-0.5261468489127057,0
87,G05,-1.3717053523532856,0
87,G06,2.763415186755594,0
88,G01,-0.32987555079243724,0
88,G02,2.576888498636505,0
88,G03,0.12340926810073605,0
88,G04,0.07445567284315327,0
88,G05,-0.1775928954250019,0
88,G06,0.007592503242918265,0
89,G01,3.4375900060997187,0
89,G02,-4.6392214535024365,0
89,G03,-4.003091488877358,0
89,G04,-1.0863416621122277,0
89,G05,0.029055763875137766,0
89,G06,1.3802088495280247,0
90,G01,0.9461743960549504,0
90,G02,-0.7684918257611404,0
90,G03,2.0380873864835247,0
90,G04,2.060390806305462,0
90,G05,0.36811566254313105,0
90,G06,1.9253151449736825,0
91,G01,0.5452905268642576,0
91,G02,-1.1229660535657673,0
91,G03,1.3956336780000094,0
91,G04,0.22122624515735542,0
91,G05,0.002679693508973858,0
91,G06,2.9459071443791487,0
92,G01,-4.901744257080173,0
92,G02,-2.8353683403191394,0
92,G03,-2.37414085274874,0
92,G04,-0.7265212951376112,0
92,G05,-0.5092163395320602,0
92,G06,-3.014651295546095,0
93,G01,-1.9703160646216527,0
93,G02,-1.7216833570471404,0
93,G03,4.914848184151784,0
93,G04,3.603483895494293,0
93,G05,-0.8234988353692986,0
93,G06,-0.7271665806135978,0
94,G01,-2.2984079943765883,0
94,G02,-3.8162608264505335,0
94,G03,-0.23376037281704806,0
94,G04,-1.9957039664880514,0
94,G05,-0.16970106332401955,0
94,G06,-3.200411698086955,0
95,G01,-1.5239489166205156,0
95,G02,0.2972541906056617,0
95,G03,0.7324191955678748,0
95,G04,0.8349439174840291,0
95,G05,-2.6409779683140746,0
95,G06,1.7093714602711234,0
96,G01,-1.6004233932037006,0
96,G02,1.265715829214613,0
96,G03,-0.021277353236386295,0
96,G04,-2.7527749981558958,0
96,G05,-0.6323954091623759,0
96,G06,0.7307274841275352,0
97,G01,1.225930760949198,0
97,G02,-0.28197579488883723,0
97,G03,3.0635577812021055,0
97,G04,2.015021541973118,0
97,G05,-0.5133082327995057,0
97,G06,1.500243624273889,0
98,G01,3.8675869703763737,0
98,G02,3.920969201566054,0
98,G03,-2.455999761644995,0
98,G04,-1.8530662223143013,0
98,G05,2.969837573467702,0
98,G06,-2.1165621016752745,0
99,G01,-2.645082266583358,0
99,G02,-0.9723882613980938,0
99,G03,0.8404534189491715,0
99,G04,-0.20479341322219274,0
99,G05,-1.3011272408111842,0
99,G06,-1.348424923449018,0
100,G01,-1.4246741288254174,0
100,G02,-1.759019257317885,0
100,G03,4.563265754552123,0
100,G04,0.5950221423711098,0
100,G05,1.7735181088094771,0
100,G06,-0.9781549362378474,0
101,G01,-0.3719133543720977,0
101,G02,-1.42710796274071,0
101,G03,-5.303416669838404,0
101,G04,-2.7560185536957325,0
101,G05,-3.6212373599607894,0
101,G06,-4.499567555903215,0
102,G01,-2.3907179485962056,0
102,G02,2.6499113587632617,0
102,G03,-0.08887233540870884,0
102,G04,2.581127524642348,0
102,G05,0.8219651538017506,0
102,G06,1.5651176514303184,0
103,G01,-1.8017939906091502,0
103,G02,1.0479019083853416,0
103,G03,1.4574284681486918,0
103,G04,-1.1532945844673859,0
103,G05,1.1190807412323327,0
103,G06,1.1323755171496659,0
104,G01,-1.0991052422601657,0
104,G02,-2.24553686454199,0
104,G03,-2.3682566637965445,0
104,G04,0.17301108384292357,0
104,G05,0.6540197375786296,0
104,G06,-1.585051660915829,0
105,G01,0.05317068265219728,0
105,G02,1.1410740722769708,0
105,G03,1.2363814293306017,0
105,G04,3.103760240244977,0
105,G05,2.5539616643960867,0
105,G06,-2.002582865513088,0
106,G01,3.367172419076045,0
106,G02,-1.0619530091114295,0
106,G03,2.089745624908855,0
106,G04,0.1359732521021777,0
106,G05,-0.8242987569139352,0
106,G06,-3.6153937195498655,0
107,G01,-0.3431290204326964,0
107,G02,-3.118766470611218,0
107,G03,1.9345984716855447,0
107,G04,3.033585314278496,0
107,G05,-1.5938219785933805,0
107,G06,0.6039414850385423,0
108,G01,-1.4507830440159508,0
108,G02,-1.2569694602735793,0
108,G03,1.5489894077307427,0
108,G04,-0.07707652368682502,0
108,G05,3.4792960838620233,0
108,G06,-0.964464957405842,0
109,G01,1.9986726649489783,0
109,G02,0.19482682591556397,0
109,G03,1.5915560194884664,0
109,G04,-0.8943153146598934,0
109,G05,-0.09911767510316542,0
109,G06,-0.2309977585978695,0
110,G01,-1.6721142296915743,0
110,G02,1.3241630691635053,0
110,G03,1.3004980111567284,0
110,G04,1.1871093898111333,0
110,G05,3.0739313078352892,0
110,G06,2.898689602472607,0
111,G01,-0.7498893796982707,0
111,G02,0.7461046368683565,0
111,G03,-1.2472013785164253,0
111,G04,0.04671063222911091,0
111,G05,-1.1994988982377295,0
111,G06,3.240140618272102,0
112,G01,0.7273963006859256,0
112,G02,-0.43605825620884425,0
112,G03,2.387237143712754,0
112,G04,-4.341230819590823,0
112,G05,-4.0282051897305795,0
112,G06,1.5916773104395479,0
113,G01,0.12093689623473612,0
113,G02,0.5008926005215213,0
113,G03,-2.6527922066370975,0
113,G04,-0.046467421700732404,0
113,G05,4.007018820802684,0
113,G06,1.6483992395917257,0
114,G01,0.3394130902856242,0
114,G02,-0.8781078202098753,0
114,G03,-0.7891457037387877,0
114,G04,-4.258395778400035,0
114,G05,0.5152808418423211,0
114,G06,1.6909662169637079,0
115,G01,-3.1512386543412303,0
115,G02,-1.322833784613632,0
115,G03,-2.314929264466844,0
115,G04,-1.930702389617527,0
115,G05,0.10696325364380044,0
115,G06,-4.168804309976949,0
116,G01,1.228540876714128,0
116,G02,1.5077101398673645,0
116,G03,-0.502205176073825,0
116,G04,-4.961417019969083,0
116,G05,-1.9928372520047792,0
116,G06,2.465803868205393,0
117,G01,-5.555988561457145,0
117,G02,-0.6950468243870385,0
117,G03,-2.360001556934518,0
117,G04,1.6091406031696731,0
117,G05,-1.3502279042869227,0
117,G06,0.8079080414712231,0
118,G01,1.1309208383381861,0
118,G02,3.67245167946004,0
118,G03,-0.40588388735074044,0
118,G04,0.7520887392452227,0
118,G05,-2.970110958254872,0
118,G06,2.380827126587488,0
119,G01,-1.5210176961427293,0
119,G02,-1.1215083281754912,0
119,G03,-0.044495589698421475,0
119,G04,-3.125768690679699,0
119,G05,0.457540057857876,0
119,G06,1.9349325458500215,0
120,G01,8.996970082815858,1
120,G02,10.494410314320172,1
120,G03,5.169256454250471,1
120,G04,12.023182642360327,1
120,G05,12.68343797187682,1
120,G06,11.594993567445584,1
121,G01,15.257686496346162,1
121,G02,8.882030871010143,1
121,G03,10.401266666831582,1
121,G04,10.295050382980385,1
121,G05,9.971401559373971,1
121,G06,11.772715452997865,1
122,G01,10.15650997927883,1
122,G02,7.868862667453793,1
122,G03,14.392087277660814,1
122,G04,8.84047051200483,1
122,G05,9.025357375262,1
122,G06,10.260698375558023,1
123,G01,7.545581843994167,1
123,G02,9.767574735410252,1
123,G03,9.224655246447709,1
123,G04,13.600860446093819,1
123,G05,7.9496115194789745,1
123,G06,9.354438928138851,1
124,G01,10.51593972149163,1
124,G02,11.489411914595156,1
124,G03,12.256074225947854,1
124,G04,9.785012866038617,1
124,G05,9.400471862780684,1
124,G06,6.78998591277837,1
125,G01,11.660947685230422,1
125,G02,10.006978400083305,1
125,G03,10.383569586810681,1
125,G04,9.627096848786975,1
125,G05,8.369881329272905,1
125,G06,11.272805049962736,1
126,G01,10.041273591051981,1
126,G02,12.341076708008885,1
126,G03,9.400205354937647,1
126,G04,9.83336780613724,1
126,G05,11.463561841611487,1
126,G06,10.795610432106038,1
127,G01,11.74203435355947,1
127,G02,8.475076490701987,1
127,G03,12.233656095476347,1
127,G04,15.804037504057266,1
127,G05,12.3203002006717,1
127,G06,9.706138856523038,1
128,G01,12.58224746767293,1
128,G02,9.85118481258555,1
128,G03,12.970004871164752,1
128,G04,12.454817963420556,1
128,G05,8.929154572553806,1
128,G06,7.028149890260583,1
129,G01,10.840448439865305,1
129,G02,6.614405766595512,1
129,G03,9.07620571201483,1
129,G04,9.48133967753058,1
129,G05,9.107334622408718,1
129,G06,10.451985076374182,1
130,G01,16.667999684352772,1
130,G02,9.293648572555526,1
130,G03,10.358808225437471,1
130,G04,9.894307586494785,1
130,G05,13.320152609640248,1
130,G06,15.189920749826811,1
131,G01,14.477956211160082,1
131,G02,11.751310094981172,1
131,G03,9.302187509840165,1
131,G04,12.567362986931094,1
131,G05,6.616954963543279,1
131,G06,5.928105082688137,1
132,G01,11.9440146406022,1
132,G02,8.31275366881253,1
132,G03,10.055680082698295,1
132,G04,13.334859587531323,1
132,G05,11.524497475346173,1
132,G06,12.06326975620952,1
133,G01,11.209112412705021,1
133,G02,11.395732741664306,1
133,G03,11.033114140930861,1
133,G04,11.485476908949403,1
133,G05,9.39472854829014,1
133,G06,8.33321836780715,1
134,G01,8.888781881401048,1
134,G02,10.19550943403413,1
134,G03,10.942474978053284,1
134,G04,8.942806760622807,1
134,G05,13.680583403366269,1
134,G06,10.775251835980935,1
135,G01,6.492481715699716,1
135,G02,14.877374862012198,1
135,G03,11.433954717980868,1
135,G04,10.54374379373883,1
135,G05,7.595638327504093,1
135,G06,10.632272138424895,1
136,G01,8.235120484516436,1
136,G02,5.514296146681431,1
136,G03,10.143364798169792,1
136,G04,11.029953619465944,1
136,G05,13.026651249677276,1
136,G06,7.147894245538548,1
137,G01,12.270112027174097,1
137,G02,11.64813140215519,1
137,G03,13.908083019228409,1
137,G04,10.661098159988356,1
137,G05,10.505839272185234,1
137,G06,11.168122959131098,1
138,G01,11.26895262143832,1
138,G02,13.39104182521348,1
138,G03,6.535283692921354,1
138,G04,12.397892563765897,1
138,G05,7.0415409801209226,1
138,G06,9.371087707481282,1
139,G01,7.569801714677418,1
139,G02,10.264312289242865,1
139,G03,12.42243216389167,1
139,G04,10.30584472029765,1
139,G05,8.17001770292141,1
139,G06,8.43474441817711,1
140,G01,8.835111959478333,1
140,G02,10.872333046769175,1
140,G03,10.83032162716573,1
140,G04,11.670078602970017,1
140,G05,6.830412141279573,1
140,G06,12.087628070915455,1
141,G01,6.967351837715575,1
141,G02,13.276218134369074,1
141,G03,11.447335911155081,1
141,G04,9.190354083138095,1
141,G05,7.304079184387529,1
141,G06,8.624482299547687,1
142,G01,6.917145790375738,1
142,G02,10.02274740567512,1
142,G03,12.308480414968988,1
142,G04,11.980300083577658,1
142,G05,13.187942640818887,1
142,G06,12.122820088113754,1
143,G01,12.2573159693315,1
143,G02,11.88341021255552,1
143,G03,12.361421241877903,1
143,G04,10.330829687422941,1
143,G05,11.474064001196165,1
143,G06,11.14344146402615,1
144,G01,10.37598631689444,1
144,G02,15.251502657504762,1
144,G03,11.087834959761054,1
144,G04,12.40136262836636,1
144,G05,13.899216124593705,1
144,G06,12.71689452395054,1
145,G01,8.151856510338668,1
145,G02,13.077967659529863,1
145,G03,7.97947862871162,1
145,G04,11.524838698952086,1
145,G05,12.900652336949944,1
145,G06,8.69337844111161,1
146,G01,11.112781958791308,1
146,G02,8.860818199607085,1
146,G03,7.120178309176639,1
146,G04,8.369246241671492,1
146,G05,12.231200472638044,1
146,G06,10.248551100826555,1
147,G01,11.609677376812257,1
147,G02,12.036963956838626,1
147,G03,9.309930069485524,1
147,G04,10.367132694007616,1
147,G05,12.982214524162178,1
147,G06,15.02376804542354,1
148,G01,12.992963518841796,1
148,G02,13.08656722900293,1
148,G03,11.849934213161983,1
148,G04,11.265231298803485,1
148,G05,9.623306819321817,1
148,G06,12.120267577157996,1
149,G01,9.380110284127444,1
149,G02,13.791588763695726,1
149,G03,9.717369357759983,1
149,G04,7.423251066658417,1
149,G05,11.602798119565872,1
149,G06,10.811206877553806,1
150,G01,10.671315155128715,1
150,G02,12.090265595805139,1
150,G03,8.857849073560445,1
150,G04,8.204224443329977,1
150,G05,9.412092074323446,1
150,G06,12.943070220310275,1
151,G01,8.278203988435537,1
151,G02,8.800692612605983,1
151,G03,9.507467571806803,1
151,G04,13.926559695850225,1
151,G05,10.902931260068323,1
151,G06,13.435889886223801,1
152,G01,8.16234321921528,1
152,G02,12.768813029061048,1
152,G03,9.70122900750137,1
152,G04,9.904213155272112,1
152,G05,11.474199900893572,1
152,G06,12.296944409029113,1
153,G01,12.24754337735605,1
153,G02,14.002313515780285,1
153,G03,9.239667262297674,1
153,G04,11.834073861510992,1
153,G05,11.43742562666389,1
153,G06,9.779271044949759,1
154,G01,11.581602569665181,1
154,G02,8.773775893358486,1
154,G03,10.171842571856423,1
154,G04,12.400127302841032,1
154,G05,11.401363142603294,1
154,G06,12.267804166965334,1
155,G01,10.909826277352055,1
155,G02,11.659360976862686,1
155,G03,9.582033324381845,1
155,G04,9.871619464548743,1
155,G05,14.57717940470593,1
155,G06,17.437532111923396,1
156,G01,9.808985063462611,1
156,G02,8.669993438964868,1
156,G03,9.482680105350388,1
156,G04,9.551941075682919,1
156,G05,10.208690122364821,1
156,G06,12.774061895261365,1
157,G01,11.01924873998826,1
157,G02,10.96540938919557,1
157,G03,14.385917232341946,1
157,G04,9.36706178016549,1
157,G05,11.06949317143885,1
157,G06,13.563828502194081,1
158,G01,6.0438326948463255,1
158,G02,14.4884059549229,1
158,G03,12.52632662074281,1
158,G04,13.518619830108738,1
158,G05,8.575424353462274,1
158,G06,12.146920211770178,1
159,G01,7.919978179123867,1
159,G02,11.147316734942198,1
159,G03,10.380044995908394,1
159,G04,12.313042040275755,1
159,G05,10.931497545918663,1
159,G06,10.213792150613733,1
160,G01,12.953507157329957,1
160,G02,13.040121360789588,1
160,G03,6.120535070044539,1
160,G04,12.540490835518524,1
160,G05,11.87822681121142,1
160,G06,14.261346191470981,1
161,G01,12.757136129498472,1
161,G02,8.603857432808322,1
161,G03,15.138015744419166,1
161,G04,10.964509538932745,1
161,G05,15.329875663721978,1
161,G06,10.071325566999947,1
162,G01,13.651954173725068,1
162,G02,10.279961080924153,1
162,G03,13.345286163961335,1
162,G04,12.280463952674157,1
162,G05,14.15586568771944,1
162,G06,10.936343987999969,1
163,G01,12.410534885307248,1
163,G02,7.491677992734404,1
163,G03,11.097084633299998,1
163,G04,12.042277969855876,1
163,G05,11.098196581177671,1
163,G06,12.223438499592993,1
164,G01,12.458322438521407,1
164,G02,12.906439890919588,1
164,G03,11.589791682757062,1
164,G04,12.426625499906528,1
164,G05,16.049124979763036,1
164,G06,12.937003795272995,1
165,G01,12.510459439345187,1
165,G02,11.74401353171577,1
165,G03,13.432062189513312,1
165,G04,9.823249039294152,1
165,G05,8.292659196306154,1
165,G06,15.51857212011383,1
166,G01,13.524573398314097,1
166,G02,15.171815693035956,1
166,G03,11.487827469172721,1
166,G04,8.550950066367303,1
166,G05,10.37251555904208,1
166,G06,9.720452380099836,1
167,G01,13.615845489138213,1
167,G02,7.92013179462915,1
167,G03,11.235578997568041,1
167,G04,9.700979931616063,1
167,G05,10.37432327762547,1
167,G06,12.312159727648721,1
168,G01,13.475847826011956,1
168,G02,12.477298080542965,1
168,G03,12.612062531940532,1
168,G04,11.895785318959964,1
168,G05,11.348953798487216,1
168,G06,10.586557662365518,1
169,G01,11.782978841667482,1
169,G02,12.243249983145503,1
169,G03,10.349240567025577,1
169,G04,11.289431622887276,1
169,G05,9.735982039864739,1
169,G06,11.147400471472986,1
170,G01,10.316545514292976,1
170,G02,14.964878211479895,1
170,G03,8.658085613728572,1
170,G04,12.067138643770816,1
170,G05,11.404030868432173,1
170,G06,11.271476114586038,1
171,G01,10.393832791212995,1
171,G02,10.095590055699365,1
171,G03,7.913802689878125,1
171,G04,9.987790861885772,1
171,G05,10.136575375261605,1
171,G06,12.808530957538526,1
172,G01,12.958194143334474,1
172,G02,8.39324027367849,1
172,G03,12.006076346970017,1
172,G04,13.21342910113494,1
172,G05,11.441216088294091,1
172,G06,12.288151246908406,1
173,G01,11.87208265408014,1
173,G02,11.666318353714512,1
173,G03,13.038162804421685,1
173,G04,12.58562736359608,1
173,G05,11.871634224545701,1
173,G06,14.555966742747104,1
174,G01,10.789144477012947,1
174,G02,9.130930835752412,1
174,G03,16.338834179684767,1
174,G04,12.48080068827651,1
174,G05,12.510031585573751,1
174,G06,10.838171168662418,1
175,G01,12.379545252722238,1
175,G02,9.777192921038457,1
175,G03,14.076773314144853,1
175,G04,14.1784913812017,1
175,G05,13.317746211527213,1
175,G06,13.266134831856919,1
176,G01,13.952508959532617,1
176,G02,11.230220329172546,1
176,G03,13.91987406219522,1
176,G04,11.113095159343084,1
176,G05,11.500679754082613,1
176,G06,15.803243800303903,1
177,G01,12.098098856361895,1
177,G02,14.157398621107339,1
177,G03,16.1897353950732,1
177,G04,12.133533733769946,1
177,G05,14.490303845938138,1
177,G06,12.08937392591182,1
178,G01,13.090060922570009,1
178,G02,8.761239011207412,1
178,G03,11.428418442567851,1
178,G04,12.832737996168696,1
178,G05,15.023025004605945,1
178,G06,13.822054587266,1
179,G01,13.914332837892337,1
179,G02,13.021443451849244,1
179,G03,11.25719708834541,1
179,G04,15.45531693736604,1
179,G05,16.01945043616016,1
179,G06,9.197366388807703,1
180,G01,14.818808067366254,1
180,G02,12.0815562701877,1
180,G03,13.309029809007582,1
180,G04,18.175337587893665,1
180,G05,14.316010428800844,1
180,G06,10.204067141122064,1
181,G01,10.751666032840808,1
181,G02,11.878350789165617,1
181,G03,13.975412616665531,1
181,G04,12.259084187164065,1
181,G05,14.946764245783452,1
181,G06,13.91538357820445,1
182,G01,11.008780052934044,1
182,G02,8.882939974199342,1
182,G03,11.926863347277674,1
182,G04,13.084802832921236,1
182,G05,7.8728593284017405,1
182,G06,14.30158651686668,1
183,G01,11.001098217700214,1
183,G02,15.971887409711842,1
183,G03,12.491452112647838,1
183,G04,12.359130814240649,1
183,G05,14.169611952387976,1
183,G06,14.232511576589747,1
184,G01,14.173873782047085,1
184,G02,14.137118910508462,1
184,G03,11.127204762273061,1
184,G04,11.998831565928402,1
184,G05,12.544235297932406,1
184,G06,12.128584918415086,1
185,G01,15.004476574242123,1
185,G02,11.8650797595386,1
185,G03,14.527252898448495,1
185,G04,15.27105470981941,1
185,G05,13.969558618561734,1
185,G06,13.482930786527062,1
186,G01,14.502736079220833,1
186,G02,14.454508366789845,1
186,G03,11.749419288180631,1
186,G04,13.43714601002171,1
186,G05,17.189277835739567,1
186,G06,15.213040105495017,1
187,G01,15.88384894737093,1
187,G02,12.918010638857094,1
187,G03,11.400863775070743,1
187,G04,14.694171883101045,1
187,G05,15.247304517381885,1
187,G06,12.82790084897565,1
188,G01,19.202207864000805,1
188,G02,11.266773145794836,1
188,G03,12.451209526794107,1
188,G04,12.798607889870002,1
188,G05,14.004475059064399,1
188,G06,10.630939528088945,1
189,G01,14.499553899063084,1
189,G02,13.305610897097953,1
189,G03,14.061108757087153,1
189,G04,11.462969185705232,1
189,G05,16.68573823833141,1
189,G06,15.907198172500197,1
190,G01,17.41607239256729,1
190,G02,11.40707175407126,1
190,G03,10.720777507630903,1
190,G04,11.684090156599863,1
190,G05,14.221783056503442,1
190,G06,14.969785781165562,1
191,G01,14.382604770029472,1
191,G02,18.026717921749434,1
191,G03,8.822654748984194,1
191,G04,10.086328651095677,1
191,G05,12.837963853993877,1
191,G06,18.12083509887794,1
192,G01,14.121123234950566,1
192,G02,11.63851571643493,1
192,G03,12.089702712189995,1
192,G04,13.253458037174436,1
192,G05,12.356311256111066,1
192,G06,12.344070442584924,1
193,G01,14.436391629770664,1
193,G02,15.517364686374492,1
193,G03,13.175343281303592,1
193,G04,14.437489399562823,1
193,G05,16.21037229508832,1
193,G06,18.011693838037168,1
194,G01,11.981065932013633,1
194,G02,13.624481824704812,1
194,G03,10.915912157548656,1
194,G04,13.117003232510093,1
194,G05,13.077943419796396,1
194,G06,11.734981668688214,1
195,G01,14.631125024933924,1
195,G02,18.3990170640461,1
195,G03,13.642602205260934,1
195,G04,12.759014565700584,1
195,G05,10.859096368664751,1
195,G06,13.581609744189507,1
196,G01,11.690013768400318,1
196,G02,15.45275782646841,1
196,G03,11.95524865216745,1
196,G04,14.164075203227412,1
196,G05,9.891042611307602,1
196,G06,14.856263216185276,1
197,G01,11.692316168749212,1
197,G02,12.819021979667875,1
197,G03,14.735121763671362,1
197,G04,14.760674136524614,1
197,G05,16.57009716382123,1
197,G06,8.310639769384046,1
198,G01,13.981430372586773,1
198,G02,15.644588015183245,1
198,G03,14.902628530304892,1
198,G04,9.751844728904222,1
198,G05,13.642289043727434,1
198,G06,16.07094275751046,1
199,G01,11.139954086279289,1
199,G02,13.280012433132475,1
199,G03,10.872781190814248,1
199,G04,16.43385036816422,1
199,G05,16.436839653134815,1
199,G06,15.230127520138854,1
200,G01,17.6724070723981,1
200,G02,14.361673354072842,1
200,G03,16.034803798661024,1
200,G04,15.978796630013193,1
200,G05,17.25763128992746,1
200,G06,18.395033137690948,1
201,G01,12.729079798739196,1
201,G02,12.179534950158846,1
201,G03,8.08994951492938,1
201,G04,14.2954942738939,1
201,G05,17.93413817977408,1
201,G06,16.89347852309824,1
202,G01,16.03205617372008,1
202,G02,16.893508613939527,1
202,G03,15.458574349827618,1
202,G04,13.928411402670042,1
202,G05,18.298375550299923,1
202,G06,16.196708736575943,1
203,G01,16.442222979607926,1
203,G02,9.899925412733744,1
203,G03,11.180988713695125,1
203,G04,15.48862176225851,1
203,G05,10.793270250337844,1
203,G06,14.637905328326193,1
204,G01,13.301579628418432,1
204,G02,20.569397331433578,1
204,G03,17.14293410327999,1
204,G04,16.96885261480364,1
204,G05,9.901891251643402,1
204,G06,14.85367102487793,1
205,G01,13.205498356019026,1
205,G02,18.003515519092826,1
205,G03,16.17468255440889,1
205,G04,14.37305777742325,1
205,G05,9.693188860184797,1
205,G06,14.874152516962193,1
206,G01,18.289864952933122,1
206,G02,16.441973376704016,1
206,G03,14.075804225981841,1
206,G04,20.843908559198272,1
206,G05,16.15100636844747,1
206,G06,13.32250862107299,1
207,G01,11.910241120550978,1
207,G02,15.713356191118965,1
207,G03,11.20135575550803,1
207,G04,14.65986744222101,1
207,G05,14.348557348033372,1
207,G06,14.59293259014917,1
208,G01,10.817256018340226,1
208,G02,15.153991050890394,1
208,G03,11.850941924716793,1
208,G04,16.60119405324007,1
208,G05,11.184278549759751,1
208,G06,11.389023514008791,1
209,G01,11.515233064748713,1
209,G02,13.382882409413359,1
209,G03,13.750286777442254,1
209,G04,14.538052114754153,1
209,G05,14.31478912469065,1
209,G06,11.070623933287989,1
210,G01,14.726878808482287,1
210,G02,9.219894071103571,1
210,G03,14.273609533660755,1
210,G04,9.653091976479327,1
210,G05,18.076702443675362,1
210,G06,12.377948299739806,1
211,G01,13.455370996161315,1
211,G02,10.546879230138176,1
211,G03,17.214051044091512,1
211,G04,15.885662856034322,1
211,G05,18.18692099340798,1
211,G06,16.33838177387599,1
212,G01,12.583182520170967,1
212,G02,12.665841302380642,1
212,G03,13.156750304498223,1
212,G04,12.910210508937206,1
212,G05,16.46134245313686,1
212,G06,15.31140038375748,1
213,G01,13.446454962387003,1
213,G02,18.892312492869905,1
213,G03,13.439709817212709,1
213,G04,17.00703591205963,1
213,G05,13.176663016316528,1
213,G06,14.904677435701421,1
214,G01,13.968524791338405,1
214,G02,16.087278753464975,1
214,G03,9.098633608420446,1
214,G04,10.868006148387796,1
214,G05,13.201898329162576,1
214,G06,12.52040419537554,1
215,G01,15.191488609827138,1
215,G02,16.090024594137038,1
215,G03,13.394714782215303,1
215,G04,15.98966201325619,1
215,G05,12.97124574341303,1
215,G06,10.898474646844543,1
216,G01,16.0442298570365,1
216,G02,17.55181554484416,1
216,G03,15.199056083940567,1
216,G04,14.485082497108436,1
216,G05,15.862168803482644,1
216,G06,17.553222228045332,1
217,G01,15.778865198076485,1
217,G02,15.619919381625477,1
217,G03,19.241960749569504,1
217,G04,12.413288733249809,1
217,G05,14.985729267799659,1
217,G06,16.20506717272552,1
218,G01,17.401790151158103,1
218,G02,18.25487405154926,1
218,G03,18.30219698938017,1
218,G04,16.403391729902125,1
218,G05,15.40384601730096,1
218,G06,16.137289918507754,1
219,G01,14.610964377902816,1
219,G02,16.407959802932517,1
219,G03,14.349006988828387,1
219,G04,16.301804879552403,1
219,G05,12.721927584565906,1
219,G06,19.418490280657878,1
220,G01,14.48855654629233,1
220,G02,16.62272045935728,1
220,G03,17.83870813475623,1
220,G04,15.634878656310295,1
220,G05,15.69570404678091,1
220,G06,11.647389208966121,1
221,G01,16.9101185738521,1
221,G02,16.41821067464157,1
221,G03,15.196401947710429,1
221,G04,14.47177018567574,1
221,G05,16.446857074265033,1
221,G06,12.079835940204934,1
222,G01,11.633545806429593,1
222,G02,12.147716733011748,1
222,G03,15.498037118675333,1
222,G04,11.741155405651766,1
222,G05,19.460136698274443,1
222,G06,15.86397101988006,1
223,G01,19.488696827131694,1
223,G02,16.47559980352145,1
223,G03,15.992205850721271,1
223,G04,12.000126721786316,1
223,G05,20.33591981775957,1
223,G06,18.279740893012217,1
224,G01,15.434834742113331,1
224,G02,12.604571516796746,1
224,G03,19.104951457205246,1
224,G04,14.185786173379164,1
224,G05,15.365888623278387,1
224,G06,17.114787746994445,1
225,G01,16.825598399028316,1
225,G02,16.493009951989382,1
225,G03,15.742133827630342,1
225,G04,16.902647271755033,1
225,G05,11.210926354497817,1
225,G06,18.012658494130065,1
226,G01,12.510730459325966,1
226,G02,15.623751377171267,1
226,G03,15.32903532881313,1
226,G04,16.760416186328634,1
226,G05,13.117807963934014,1
226,G06,15.623468346628954,1
227,G01,12.837651727265598,1
227,G02,13.751817361945712,1
227,G03,10.957399881767687,1
227,G04,16.265243264360592,1
227,G05,15.46491578776322,1
227,G06,13.297796150055225,1
228,G01,18.686175256159522,1
228,G02,14.140817410796254,1
228,G03,19.572349974709798,1
228,G04,13.72397983138038,1
228,G05,14.59407354481855,1
228,G06,15.293952755151713,1
229,G01,18.93784398618467,1
229,G02,14.577628059421173,1
229,G03,16.19339615518426,1
229,G04,16.539373816105588,1
229,G05,12.554366131643112,1
229,G06,18.187695912918905,1
230,G01,18.267071927081712,1
230,G02,18.475087125281227,1
230,G03,11.487412010773664,1
230,G04,17.246371157181393,1
230,G05,14.872669061335948,1
230,G06,15.08578935472489,1
231,G01,15.639935150789922,1
231,G02,12.833298197805586,1
231,G03,13.426418898576658,1
231,G04,14.82367457430541,1
231,G05,14.47952562389142,1
231,G06,14.854453195754516,1
232,G01,18.41810325653553,1
232,G02,15.15643744708681,1
232,G03,15.486253034169211,1
232,G04,19.24021860542461,1
232,G05,12.507166553827599,1
232,G06,17.84413131661992,1
233,G01,16.95115407108372,1
233,G02,12.820090699788093,1
233,G03,11.89727554561378,1
233,G04,16.313921619544725,1
233,G05,12.058974163010628,1
233,G06,15.157643494931872,1
234,G01,19.45262109248387,1
234,G02,16.83617620648108,1
234,G03,15.62447719865628,1
234,G04,16.30237645275402,1
234,G05,18.55689648992329,1
234,G06,15.945516145214198,1
235,G01,13.689101446518674,1
235,G02,16.241162439131116,1
235,G03,16.355276286783845,1
235,G04,14.460255300219387,1
235,G05,15.534750142430068,1
235,G06,16.141787190447094,1
236,G01,16.79270353680296,1
236,G02,17.441330610947944,1
236,G03,12.510423686905662,1
236,G04,14.25853261158081,1
236,G05,13.820834277870713,1
236,G06,18.218080867676598,1
237,G01,12.208845424878842,1
237,G02,18.842496867734916,1
237,G03,15.395938938198412,1
237,G04,13.726003596579382,1
237,G05,22.158558132447375,1
237,G06,14.791698467477143,1
238,G01,12.460586815821026,1
238,G02,19.09911468197281,1
238,G03,17.522239252876226,1
238,G04,16.316214085654153,1
238,G05,16.289354603399172,1
238,G06,12.775731553905684,1
239,G01,16.91043098943807,1
239,G02,17.559060458485646,1
239,G03,18.322272026183672,1
239,G04,12.944110115984348,1
239,G05,15.772088266161246,1
239,G06,14.171948869090416,1
